Name,Price,Brand,Rate
Womens Summer Floral Print Faux Wrap Maxi Long Dresses with Belt,22,Dokotoo,4.3 out of 5 stars
Womens Dresses Summer Casual V-Neck Floral Print Geometric Pattern Belted Dress,5,ECOWISH,3.6 out of 5 stars
Women's Vintage Floral Print Boho Split Wrap Slim Dress,16,Milumia,3.5 out of 5 stars
Women's Bow Shoulder Sleeveless Short Dress,26,Lark & Ro,4.3 out of 5 stars
Women Off Shoulder High Low Maxi Party Dresses,19,Sidefeel,4.3 out of 5 stars
Women's Casual Pleated Loose Swing T-Shirt Dress With Pockets Knee Length,9,I2crazy,4.1 out of 5 stars
Women's 2018 Off Shoulder Side Split Slim Evening Maxi Party Dress,17,CoCo fashion,3.5 out of 5 stars
Womens Plus Size Sleeveless Lace Dresses High Low Formal Party Sundress,26,Fashare,5 out of 5 stars
Women's Vintage 1950s Style 3/4 Sleeve Black Lace Flare A-Line Dress,32,MissMay,4.4 out of 5 stars
Women's Short Sleeve Flare Midi Dress with Pockets in Solid and Floral - Made in USA,17,iconic luxe,4.5 out of 5 stars
Women's Off Shoulder Lace Boat Neck Vintage Cocktail Party Wedding Dresses,22,Dreaweet,4.1 out of 5 stars
Women's Boho Split Tie-Waist Vintage Print Maxi Dress,12,Milumia,3.9 out of 5 stars
Little Girls' Dresses Summer Cat Printing,10,LittleSpring,4.5 out of 5 stars
Womens Plus Size Short Sleeve V Neck Dress Casual Pregnant Loose Maxi Dresses,25,Rotita,5 out of 5 stars
Women's Line Striped Sleeveless Tank Casual Stretch Maxi Long Dress,12,YUMDO,3.7 out of 5 stars
Womens V Neck Half Sleeve Lace Trim Detail High Waist Tunic A Line Dress,17,ZKESS,3.6 out of 5 stars
Women's Floral Pattern Ruffle Hem Chiffon Dress,19,HOTAPEI,4.2 out of 5 stars
Women's Draped-Front Pocket Shift Dress,52,Lark & Ro,4.2 out of 5 stars
Women's Sexy V Neck Off The Shoulder Evening Bodycon Club Midi Dress,16,AlvaQ,3.9 out of 5 stars
Womens Off The Shoulder Ruffle Party Dresses Side Split Beach Maxi Dress,15,THANTH,4.3 out of 5 stars
Women's Cocktail Dress High Neck Lace Dresses For Special Occasions,29,Zalalus,4.3 out of 5 stars
Women's Classy Audrey Hepburn 1950s Vintage Rockabilly Swing Dress,18,Anni Coco,4.3 out of 5 stars
Women's Vintage Full Lace Contrast Bell Sleeve Big Swing A-Line Dress,35,MissMay,4.5 out of 5 stars
Women's Summer Sleeveless Striped Pockets Loose Swing Casual Maxi Dress,21,levaca,4.5 out of 5 stars
Women's Ruffled V-Neck Fit-and-Flare Dress,36,Lark & Ro,4.4 out of 5 stars
Women's Vintage Floral Lace Cocktail Swing Dress With 3/4 Sleeve,18,Mixfeer,3.9 out of 5 stars
Lace Halter Sleeveless Swing Dress Keyhole A-Line Party Dress KK638,17,Kate Kasin,4.7 out of 5 stars
Women's Summer Short Sleeve Casual Loose Short T Shirt Dress With Pockets,16,levaca,4.9 out of 5 stars
Vintage Classy Floral Sleeveless Party Picnic Party Cocktail Dress,8,ARANEE,4.4 out of 5 stars
Women's Sexy One Shoulder Ponti Gown Mermaid Evening Maxi Party Dress,19,Grace's Secret,4.4 out of 5 stars
Women's Summer Casual Plain Swing Pockets Loose Beach Cami Maxi Dress,21,CALIPESSA,5 out of 5 stars
Women's Sexy Mesh See Through Bodycon Clubwear Dress,9,Tuesdays2,4.3 out of 5 stars
Womens Casual Short Sleeve Loose Long Elastic Solid Maxi Dress Plus Size,6,KRISP,4.3 out of 5 stars
Women V Neck Halter Printed Casual Short Strap Mini Dress,13,Sidefeel,3.6 out of 5 stars
Women Embroidered Floral Bohemian 3/4 Bell Sleeve Vintage Mexican Casual Swing Tunic Midi Dress,16,Faisean,5 out of 5 stars
Women's Sleeveless Halter Neck Striped Midi Dress With Pockets,21,Asvivid,5 out of 5 stars
Women's Jersey Sleeveless Gathered Dress,24,Daily Ritual,4.1 out of 5 stars
Women's Casual Pocket Beach Long Dress Short Sleeve Split Loose Maxi Dress,18,HUSKARY,3.3 out of 5 stars
Womens Casual Fit and Flare Floral Sleeveless Party Evening Cocktail Dress,13,Measoul,4.3 out of 5 stars
Vintage 1950's Floral Spring Garden Party Dress Cocktail Dress with Belt,4,GINVELL,4.2 out of 5 stars
Vintage 1950s Rockabilly Polka Dots Audrey Dress Retro Cocktail Dress,9,DRESSTELLS,4.5 out of 5 stars
Women's Sleeveless Double V Neck Fit and Flare Dress,54,Lark & Ro,3.8 out of 5 stars
Business Pencil Dress for Women Midi Bodycon Wear to Work with Sleeves Vintage Color Block Vneck,14,onlypuff,4 out of 5 stars
Women's Velvet Tunic Dress With Embroidered Floral Mesh Bishop Sleeve,13,DIDK,4.3 out of 5 stars
Women's Solid Color Cotton Crew Neck Short Sleeve Front Slit Casual Long Maxi Dress with Belt ??,9,Cloris.W,4.4 out of 5 stars
Women's Long Sleeve Pleated Loose Swing Casual Dress With Pockets Knee Length,9,LILBETTER,4.3 out of 5 stars
Women Vintage 1950s Retro Rockabilly Prom Dresses Cap-Sleeve,20,Dressystar,4.2 out of 5 stars
Women's A Line Lace Cocktail Wedding Party Midi Swing Tea Dress,29,Noctflos,4.1 out of 5 stars
Women's Casual Plain Short Sleeve Simple T-Shirt Loose Dress,12,MOLERANI,4.3 out of 5 stars
Women Vintage 1950s Retro Rockabilly Prom Dresses Cap-Sleeve,20,Dressystar,4.2 out of 5 stars
Women's A Line Lace Cocktail Wedding Party Midi Swing Tea Dress,29,Noctflos,4.1 out of 5 stars
Women's Floral Chiffon Summer Cold Shoulder Cocktail Party Midi Dress,26,Noctflos,4.1 out of 5 stars
Women's Sexy V-Neck Backless Wrap Velvet Cocktai Party Dress,20,Verdusa,4.5 out of 5 stars
Women's Sleeveless Basic Racer Back Tank Midi Cotton Casual Dress,17,LaClef,4.2 out of 5 stars
Women's Sleeveless Lace Patchwork A Line Short Mini Casual Dress,20,SUNNOW,4.5 out of 5 stars
Women's Button Up Split Floral Print Flowy Party Maxi Dress,22,Milumia,3.9 out of 5 stars
Women's Casual Striped Print Wear To Work Office Career Sheath Dress,19,LunaJany,4.2 out of 5 stars
Women's Racer Neck Ombre Dress Tie Dye Ombre Swing Dress,16,Romwe,4.3 out of 5 stars
Womens Strapless Ruched Casual Party Maxi Dress With Pocket,19,GloryStar,4.8 out of 5 stars
Womens Bohemian Printed Wrap Bodice Sleeveless Crossover Maxi Dress,27,Zattcas,4.5 out of 5 stars
Women Vintage Lace Chiffon A-Line Party Summer Causal Dress,12,Mmondschein,5 out of 5 stars
Summer Womens Sleeveless Tunic Causal Long Maxi Beach Dresses With Pockets,9,SVALIY,5 out of 5 stars
Women's Business Retro Ruffles Cap Sleeve Slim Cocktail Pencil Dress,23,Miusol,4.3 out of 5 stars
Women's Adjustable Strappy Dress Skater Pleat Dress with Button Placket,9,SUNGLORY,4.4 out of 5 stars
Women's Elegant A Line V Neck Floral Sleeveless Knee Length Swing Lace Dress,19,Furnex,4.5 out of 5 stars
Women's Halter Polka Dots 1950s Vintage Swing Tea Dress,12,Anni Coco,4.3 out of 5 stars
Womens Dresses Summer Floral Short Sleeve Elastic Waist Vintage Midi Dress,6,ECOWISH,4.8 out of 5 stars
Women's Sexy Casual Long Sleeve Short Dress Mini Dress,13,Haola,3.6 out of 5 stars
Women's Casual Scoop Neck Embroidered Half Sleeve Vintage Party Swing Dress,34,Miusol,4.4 out of 5 stars
Women's Elegant A Line Cap Sleeve V Neck Empire Waist Flattering Cocktail Dress,32,MCKOL,4.7 out of 5 stars
Women's Casual Swing Simple T-Shirt Loose Dress,12,MOLERANI,4.2 out of 5 stars
Women's Pleated-Neckline Sheath Dress,40,Lark & Ro,3.7 out of 5 stars
Women Summer Beach Cotton Casual Sleeveless Flared Tank Dress,12,Herou,4.2 out of 5 stars
Women Bra Sequin Maxi Evening Party Dress,46,LinlinQ,4.5 out of 5 stars
Women's Summer Casual Stripe Sleeveless Loose Beach Maxi Dress,12,ETCYY,4.4 out of 5 stars
Women's Summer Sleeveless Striped Empire Waist Loose Midi Casual Dress With Pockets,8,Hount,4.5 out of 5 stars
Super Soft Summer Beach Casual High Low Hem Sleeveless Dress,14,CUBEA,4.9 out of 5 stars
Women's Tiered-Top Maxi Dress,18,Lark & Ro,4.1 out of 5 stars
Women's 3/4 Sleeve Pleated Loose Swing Casual Midi Dress with Pockets,12,levaca,4.2 out of 5 stars
"Women's Floral Printed Dress, A Line Cap Sleeve V-Neck Elegant Dress With Pockets",30,KASCLINO,4.6 out of 5 stars
Women's Casual Short Sleeve Multicolor Loose T-Shirt Dress XS-4XL,12,YMING,4.3 out of 5 stars
Toddler Flower Girl Dress Cotton Long Sleeve Navy Baby Girls Winter Dresses for 2-8 Years,7,VIKITA,4.3 out of 5 stars
Women's 2/3 Sleeve Colorblock Slim Bodycon Business Pencil Dress,16,WOOSEA,4.1 out of 5 stars
Women's Sleeveless Adjustable Strappy Summer Beach Swing Dress,16,MSBASIC,3.9 out of 5 stars
Simplee Women's Half Sleeve Elegant Hollow Out Party Lace A Line Mini Dress Gown,23,Simplee Apparel,4.1 out of 5 stars
Womens Sexy Midi Dress V-Neck Off Shoulder Spaghetti Strap Ruffles Floral Casual Summer Beach Sundresses,13,Poptem,2.3 out of 5 stars
Women Off Shoulder Batwing Cape Midi Dress,12,GRACE KARIN,4.5 out of 5 stars
Women's Boho Off The Shoulder Swing Maxi Dress,19,Milumia,4.3 out of 5 stars
Women's 3 Stripes Dress,48,adidas Originals,4.4 out of 5 stars
Women's Summer Chiffon Sleeveless Party Dress,14,Floerns,3.8 out of 5 stars
Women's V-Neck Long Sleeve Pockets Floral Print Swing Casual Dress,16,Yeslife,4.3 out of 5 stars
Women's 1950s Vintage Elegant Cap Sleeve Swing Party Dress A009,23,HOMEYEE,4.4 out of 5 stars
Girls Sleeveless Round Neck Floral Printed Holiday Dress Size 4-13,8,Funnycokid,4.9 out of 5 stars
Women's Elbow Sleeve V-Neck Fitted Sheath Dress,69,Lark & Ro,4.4 out of 5 stars
Women's Chic Color block V-Neck Sleeveless Office Pencil Dress,19,CISMARK,4.3 out of 5 stars
Women's Casual Pleated Short Sleeve Swing Tunic Shirt Dress With Pockets,5,Halife,4.4 out of 5 stars
