item name,price
Unbranded* Women's Long Sleeve Pocket Casual Loose T-Shirt Dress,9
Zalalus Women's Elegant Spaghetti Straps Deep V Neck Sleeveless Bodycon Party Dress,19
oxiuly Women's Vintage Patchwork Pockets Puffy Swing Casual Party Dress OX165,22
Angashion Women's Dresses-Summer Floral Bohemian Spaghetti Strap Button Down Swing Midi Dress With Pockets,3
MissMay Women's Vintage Floral Lace Long Sleeve Boat Neck Cocktail Formal Swing Dress,19
Gotoly Invisable Strapless Body Shaper High Waist Tummy Control Butt Lifter Panty Slim,7
"Laksmi Elegant Dresses, Womens Casual Dress A Line Cap Sleeve V Neck",16
QIXING Women's Summer Cold Shoulder Tunic Top Swing T-Shirt Loose Dress With Pockets,12
Daily Ritual Women's Jersey Long-Sleeve V-Neck Dress,22
HOTAPEI Women's Floral Print Casual Short Sleeve A-line Loose T-shirt Dresses Knee Length,17
MissMay Women's Vintage Full Lace Contrast Bell Sleeve Big Swing A-Line Dress,35
AUSELILY Women's Long Sleeve Pockets Casual Swing T-Shirt Dresses,13
Oyanus Womens Off The Shoulder Ruffles Pockets Dress Side Split Maxi Dresses,13
Heloise Fashion Women's A-Line Pleated Sleeveless Little Cocktail Party Dress With Floral Lace,15
Eliacher Women's Deep V Neck Adjustable Spaghetti Straps Summer Dress Sleeveless Sexy Backless Party Dresses With Pocket,23
Leadingstar Women Long Sleeve V-Neck Elastic Waist Wrap Solid Fit and Flare Mini Dress,21
